{
  "student": [
    {
      "id": 1,
      "name": "nike"
    },
    {
      "name": "ram",
      "email": "ram@gmail.com",
      "password": "12345",
      "id": 2
    },
    {
      "name": "parvati",
      "email": "parvati@gamil.com",
      "password": "1234",
      "id": 3
    },
    {
      "name": "mitul chakravarti",
      "email": "mitul@gmail.com",
      "password": "1234",
      "id": 4
    },
    {
      "name": "mitul chhapari",
      "email": "mitul@gmail.com",
      "password": "1234",
      "id": 5
    },
    {
      "username": "ashish",
      "userEmail": "ashish@gmail.com",
      "userPassword": "puri",
      "id": 6
    },
    {
      "name": "raghu",
      "email": "raghu@gmail.com",
      "password": "1234",
      "id": 7
    }
  ]
}